unit_name,url_name,url
Drakesworn Templar,Drakesworn-Templar,https://wahapedia.ru/aos3/factions/stormcast-eternals/Drakesworn-Templar
Lord-Celestant on Stardrake,Lord-Celestant-on-Stardrake,https://wahapedia.ru/aos3/factions/stormcast-eternals/Lord-Celestant-on-Stardrake
Astreia Solbright,Astreia-Solbright,https://wahapedia.ru/aos3/factions/stormcast-eternals/Astreia-Solbright
"Aventis Firestrike, Magister of Hammerhal",Aventis-Firestrike-Magister-of-Hammerhal,https://wahapedia.ru/aos3/factions/stormcast-eternals/Aventis-Firestrike-Magister-of-Hammerhal
Averon Stormsire,Averon-Stormsire,https://wahapedia.ru/aos3/factions/stormcast-eternals/Averon-Stormsire
"Celestant-Prime, Hammer of Sigmar",Celestant-Prime-Hammer-of-Sigmar,https://wahapedia.ru/aos3/factions/stormcast-eternals/Celestant-Prime-Hammer-of-Sigmar
Gardus Steel Soul,Gardus-Steel-Soul,https://wahapedia.ru/aos3/factions/stormcast-eternals/Gardus-Steel-Soul
Gavriel Sureheart,Gavriel-Sureheart,https://wahapedia.ru/aos3/factions/stormcast-eternals/Gavriel-Sureheart
Knight-Arcanum,Knight-Arcanum,https://wahapedia.ru/aos3/factions/stormcast-eternals/Knight-Arcanum
Knight-Azyros,Knight-Azyros,https://wahapedia.ru/aos3/factions/stormcast-eternals/Knight-Azyros
Knight-Heraldor,Knight-Heraldor,https://wahapedia.ru/aos3/factions/stormcast-eternals/Knight-Heraldor
Knight-Incantor,Knight-Incantor,https://wahapedia.ru/aos3/factions/stormcast-eternals/Knight-Incantor
Knight-Judicator with Gryph-hounds,Knight-Judicator-with-Gryph-hounds,https://wahapedia.ru/aos3/factions/stormcast-eternals/Knight-Judicator-with-Gryph-hounds
Knight-Questor,Knight-Questor,https://wahapedia.ru/aos3/factions/stormcast-eternals/Knight-Questor
Knight-Relictor,Knight-Relictor,https://wahapedia.ru/aos3/factions/stormcast-eternals/Knight-Relictor
Knight-Venator,Knight-Venator,https://wahapedia.ru/aos3/factions/stormcast-eternals/Knight-Venator
Knight-Vexillor,Knight-Vexillor,https://wahapedia.ru/aos3/factions/stormcast-eternals/Knight-Vexillor
Knight-Vexillor with Banner of Apotheosis,Knight-Vexillor-with-Banner-of-Apotheosis,https://wahapedia.ru/aos3/factions/stormcast-eternals/Knight-Vexillor-with-Banner-of-Apotheosis
Knight-Zephyros,Knight-Zephyros,https://wahapedia.ru/aos3/factions/stormcast-eternals/Knight-Zephyros
Lord-Aquilor,Lord-Aquilor,https://wahapedia.ru/aos3/factions/stormcast-eternals/Lord-Aquilor
Lord-Arcanum,Lord-Arcanum,https://wahapedia.ru/aos3/factions/stormcast-eternals/Lord-Arcanum
Lord-Arcanum on Celestial Dracoline,Lord-Arcanum-on-Celestial-Dracoline,https://wahapedia.ru/aos3/factions/stormcast-eternals/Lord-Arcanum-on-Celestial-Dracoline
Lord-Arcanum on Gryph-charger,Lord-Arcanum-on-Gryph-charger,https://wahapedia.ru/aos3/factions/stormcast-eternals/Lord-Arcanum-on-Gryph-charger
Lord-Arcanum on Tauralon,Lord-Arcanum-on-Tauralon,https://wahapedia.ru/aos3/factions/stormcast-eternals/Lord-Arcanum-on-Tauralon
Lord-Castellant,Lord-Castellant,https://wahapedia.ru/aos3/factions/stormcast-eternals/Lord-Castellant
Lord-Celestant,Lord-Celestant,https://wahapedia.ru/aos3/factions/stormcast-eternals/Lord-Celestant
Lord-Celestant on Dracoth,Lord-Celestant-on-Dracoth,https://wahapedia.ru/aos3/factions/stormcast-eternals/Lord-Celestant-on-Dracoth
Lord-Commander Bastian Carthalos,Lord-Commander-Bastian-Carthalos,https://wahapedia.ru/aos3/factions/stormcast-eternals/Lord-Commander-Bastian-Carthalos
Lord-Exorcist,Lord-Exorcist,https://wahapedia.ru/aos3/factions/stormcast-eternals/Lord-Exorcist
Lord-Imperatant,Lord-Imperatant,https://wahapedia.ru/aos3/factions/stormcast-eternals/Lord-Imperatant
Lord-Ordinator,Lord-Ordinator,https://wahapedia.ru/aos3/factions/stormcast-eternals/Lord-Ordinator
Lord-Relictor,Lord-Relictor,https://wahapedia.ru/aos3/factions/stormcast-eternals/Lord-Relictor
Lord-Veritant,Lord-Veritant,https://wahapedia.ru/aos3/factions/stormcast-eternals/Lord-Veritant
Vandus Hammerhand,Vandus-Hammerhand,https://wahapedia.ru/aos3/factions/stormcast-eternals/Vandus-Hammerhand
"Yndrasta, the Celestial Spear",Yndrasta-the-Celestial-Spear,https://wahapedia.ru/aos3/factions/stormcast-eternals/Yndrasta-the-Celestial-Spear
Errant-Questor,Errant-Questor,https://wahapedia.ru/aos3/factions/stormcast-eternals/Errant-Questor
Neave Blacktalon,Neave-Blacktalon,https://wahapedia.ru/aos3/factions/stormcast-eternals/Neave-Blacktalon
Judicators with Boltstorm Crossbows,Judicators-with-Boltstorm-Crossbows,https://wahapedia.ru/aos3/factions/stormcast-eternals/Judicators-with-Boltstorm-Crossbows
Judicators with Skybolt Bows,Judicators-with-Skybolt-Bows,https://wahapedia.ru/aos3/factions/stormcast-eternals/Judicators-with-Skybolt-Bows
Liberators,Liberators,https://wahapedia.ru/aos3/factions/stormcast-eternals/Liberators
Sequitors,Sequitors,https://wahapedia.ru/aos3/factions/stormcast-eternals/Sequitors
Vanquishers,Vanquishers,https://wahapedia.ru/aos3/factions/stormcast-eternals/Vanquishers
Vindictors,Vindictors,https://wahapedia.ru/aos3/factions/stormcast-eternals/Vindictors
Aetherwings,Aetherwings,https://wahapedia.ru/aos3/factions/stormcast-eternals/Aetherwings
Annihilators,Annihilators,https://wahapedia.ru/aos3/factions/stormcast-eternals/Annihilators
Annihilators with Meteoric Grandhammers,Annihilators-with-Meteoric-Grandhammers,https://wahapedia.ru/aos3/factions/stormcast-eternals/Annihilators-with-Meteoric-Grandhammers
Castigators,Castigators,https://wahapedia.ru/aos3/factions/stormcast-eternals/Castigators
Decimators,Decimators,https://wahapedia.ru/aos3/factions/stormcast-eternals/Decimators
Dracothian Guard Concussors,Dracothian-Guard-Concussors,https://wahapedia.ru/aos3/factions/stormcast-eternals/Dracothian-Guard-Concussors
Dracothian Guard Desolators,Dracothian-Guard-Desolators,https://wahapedia.ru/aos3/factions/stormcast-eternals/Dracothian-Guard-Desolators
Dracothian Guard Fulminators,Dracothian-Guard-Fulminators,https://wahapedia.ru/aos3/factions/stormcast-eternals/Dracothian-Guard-Fulminators
Dracothian Guard Fulminators (Single),Dracothian-Guard-Fulminators-Single-,https://wahapedia.ru/aos3/factions/stormcast-eternals/Dracothian-Guard-Fulminators-Single-
Dracothian Guard Tempestors,Dracothian-Guard-Tempestors,https://wahapedia.ru/aos3/factions/stormcast-eternals/Dracothian-Guard-Tempestors
Evocators,Evocators,https://wahapedia.ru/aos3/factions/stormcast-eternals/Evocators
Evocators on Celestial Dracolines,Evocators-on-Celestial-Dracolines,https://wahapedia.ru/aos3/factions/stormcast-eternals/Evocators-on-Celestial-Dracolines
Gryph-hounds,Gryph-hounds,https://wahapedia.ru/aos3/factions/stormcast-eternals/Gryph-hounds
Praetors,Praetors,https://wahapedia.ru/aos3/factions/stormcast-eternals/Praetors
Prosecutors with Celestial Hammers,Prosecutors-with-Celestial-Hammers,https://wahapedia.ru/aos3/factions/stormcast-eternals/Prosecutors-with-Celestial-Hammers
Prosecutors with Stormcall Javelins,Prosecutors-with-Stormcall-Javelins,https://wahapedia.ru/aos3/factions/stormcast-eternals/Prosecutors-with-Stormcall-Javelins
Protectors,Protectors,https://wahapedia.ru/aos3/factions/stormcast-eternals/Protectors
Retributors,Retributors,https://wahapedia.ru/aos3/factions/stormcast-eternals/Retributors
Steelheart’s Champions,Steelheart-s-Champions,https://wahapedia.ru/aos3/factions/stormcast-eternals/Steelheart-s-Champions
Stormsire’s Cursebreakers,Stormsire-s-Cursebreakers,https://wahapedia.ru/aos3/factions/stormcast-eternals/Stormsire-s-Cursebreakers
Stormstrike Chariot,Stormstrike-Chariot,https://wahapedia.ru/aos3/factions/stormcast-eternals/Stormstrike-Chariot
The Farstriders,The-Farstriders,https://wahapedia.ru/aos3/factions/stormcast-eternals/The-Farstriders
Vanguard-Hunters,Vanguard-Hunters,https://wahapedia.ru/aos3/factions/stormcast-eternals/Vanguard-Hunters
Vanguard-Palladors,Vanguard-Palladors,https://wahapedia.ru/aos3/factions/stormcast-eternals/Vanguard-Palladors
Vanguard-Raptors with Hurricane Crossbows,Vanguard-Raptors-with-Hurricane-Crossbows,https://wahapedia.ru/aos3/factions/stormcast-eternals/Vanguard-Raptors-with-Hurricane-Crossbows
Vanguard-Raptors with Longstrike Crossbows,Vanguard-Raptors-with-Longstrike-Crossbows,https://wahapedia.ru/aos3/factions/stormcast-eternals/Vanguard-Raptors-with-Longstrike-Crossbows
Vigilors,Vigilors,https://wahapedia.ru/aos3/factions/stormcast-eternals/Vigilors
"Lorai, Child of the Abyss",Lorai-Child-of-the-Abyss,https://wahapedia.ru/aos3/factions/stormcast-eternals/Lorai-Child-of-the-Abyss
Neave’s Companions,Neave-s-Companions,https://wahapedia.ru/aos3/factions/stormcast-eternals/Neave-s-Companions
Domitan’s Stormcoven,Domitan-s-Stormcoven,https://wahapedia.ru/aos3/factions/stormcast-eternals/Domitan-s-Stormcoven
Xandire’s Truthseekers,Xandire-s-Truthseekers,https://wahapedia.ru/aos3/factions/stormcast-eternals/Xandire-s-Truthseekers
Questor Soulsworn,Questor-Soulsworn,https://wahapedia.ru/aos3/factions/stormcast-eternals/Questor-Soulsworn
Celestar Ballista,Celestar-Ballista,https://wahapedia.ru/aos3/factions/stormcast-eternals/Celestar-Ballista
Celestian Vortex,Celestian-Vortex,https://wahapedia.ru/aos3/factions/stormcast-eternals/Celestian-Vortex
Dais Arcanum,Dais-Arcanum,https://wahapedia.ru/aos3/factions/stormcast-eternals/Dais-Arcanum
Everblaze Comet,Everblaze-Comet,https://wahapedia.ru/aos3/factions/stormcast-eternals/Everblaze-Comet
Lords of the Warrior Chamber,Lords-of-the-Warrior-Chamber,https://wahapedia.ru/aos3/factions/stormcast-eternals/Lords-of-the-Warrior-Chamber
Thunderhead Brotherhood,Thunderhead-Brotherhood,https://wahapedia.ru/aos3/factions/stormcast-eternals/Thunderhead-Brotherhood
Hammerstrike Force,Hammerstrike-Force,https://wahapedia.ru/aos3/factions/stormcast-eternals/Hammerstrike-Force
Lords of the Harbinger Chamber,Lords-of-the-Harbinger-Chamber,https://wahapedia.ru/aos3/factions/stormcast-eternals/Lords-of-the-Harbinger-Chamber
Vanguard Wing,Vanguard-Wing,https://wahapedia.ru/aos3/factions/stormcast-eternals/Vanguard-Wing
Lords of the Exemplar Chamber,Lords-of-the-Exemplar-Chamber,https://wahapedia.ru/aos3/factions/stormcast-eternals/Lords-of-the-Exemplar-Chamber
Devastation Brotherhood,Devastation-Brotherhood,https://wahapedia.ru/aos3/factions/stormcast-eternals/Devastation-Brotherhood
Vanguard Angelos Conclave,Vanguard-Angelos-Conclave,https://wahapedia.ru/aos3/factions/stormcast-eternals/Vanguard-Angelos-Conclave
Vanguard Justicar Conclave,Vanguard-Justicar-Conclave,https://wahapedia.ru/aos3/factions/stormcast-eternals/Vanguard-Justicar-Conclave
Lightning Echelon,Lightning-Echelon,https://wahapedia.ru/aos3/factions/stormcast-eternals/Lightning-Echelon
Thunderwave Echelon,Thunderwave-Echelon,https://wahapedia.ru/aos3/factions/stormcast-eternals/Thunderwave-Echelon
Drakesworn Temple,Drakesworn-Temple,https://wahapedia.ru/aos3/factions/stormcast-eternals/Drakesworn-Temple
Grand Convocation,Grand-Convocation,https://wahapedia.ru/aos3/factions/stormcast-eternals/Grand-Convocation
Hailstorm Battery,Hailstorm-Battery,https://wahapedia.ru/aos3/factions/stormcast-eternals/Hailstorm-Battery
Cleansing Phalanx,Cleansing-Phalanx,https://wahapedia.ru/aos3/factions/stormcast-eternals/Cleansing-Phalanx
Godsmaw’s Vanguard,Godsmaw-s-Vanguard,https://wahapedia.ru/aos3/factions/stormcast-eternals/Godsmaw-s-Vanguard
Lord Vorst’s Retinue,Lord-Vorst-s-Retinue,https://wahapedia.ru/aos3/factions/stormcast-eternals/Lord-Vorst-s-Retinue
